{
  "train_loss": [
    0.4601468409810747,
    0.2597955754825047,
    0.2279661632009915,
    0.1903011846755232,
    0.1687355373586927,
    0.16767555390085492,
    0.13243604813303267,
    0.07398181153195245,
    0.08953280608568873,
    0.04905896240047046
  ],
  "train_acc": [
    0.7714285714285715,
    0.9035714285714286,
    0.9214285714285714,
    0.9178571428571428,
    0.9321428571428572,
    0.9357142857142857,
    0.9571428571428572,
    0.975,
    0.9678571428571429,
    0.9821428571428571
  ],
  "val_loss": [
    0.9121381640434265,
    0.8341564257939657,
    0.7710002064704895,
    0.3399496406316757,
    0.3884914994239807,
    0.3382828518748283,
    0.4721532200773557,
    0.39058805629611015,
    0.37705797106027605,
    0.35644921436905863
  ],
  "val_acc": [
    0.7666666666666667,
    0.85,
    0.8,
    0.9166666666666666,
    0.9166666666666666,
    0.9333333333333333,
    0.95,
    0.95,
    0.9333333333333333,
    0.9333333333333333
  ],
  "lr": [
    0.001,
    0.0009755282581475768,
    0.0009045084971874736,
    0.0007938926261462366,
    0.0006545084971874737,
    0.0005,
    0.00034549150281252633,
    0.0002061073738537635,
    9.549150281252634e-05,
    2.4471741852423235e-05
  ]
}